####################################
# SETUP
####################################
CREATE DATABASE statements_digest;
USE statements_digest;
CREATE TABLE t1(a int);
CREATE TABLE t2(a int);
CREATE TABLE t3(a int, b int);
CREATE TABLE t4(a int, b int);
CREATE TABLE t5(a int, b int, c int);
CREATE TABLE t6(a int, b int, c int, d int);
CREATE TABLE t11 (c CHAR(4));
CREATE TABLE t12 (c CHAR(4));
SELECT * FROM performance_schema.setup_consumers;
NAME	ENABLED
events_stages_current	YES
events_stages_history	YES
events_stages_history_long	YES
events_statements_current	NO
events_statements_history	YES
events_statements_history_long	YES
events_transactions_current	YES
events_transactions_history	YES
events_transactions_history_long	YES
events_waits_current	YES
events_waits_history	YES
events_waits_history_long	YES
global_instrumentation	YES
thread_instrumentation	YES
statements_digest	YES
TRUNCATE TABLE performance_schema.events_statements_summary_by_digest;
####################################
# EXECUTION
####################################
SELECT 1 FROM t1;
1
SELECT 1 FROM `t1`;
1
SELECT 1,2 FROM t1;
1	2
SELECT 1, 2, 3, 4 FROM t1;
1	2	3	4
SELECT 1 FROM t2;
1
SELECT 1,2 FROM t2;
1	2
SELECT 1, 2, 3, 4 FROM t2;
1	2	3	4
INSERT INTO t1 VALUES (1);
INSERT INTO t2 VALUES (1);
INSERT INTO t3 VALUES (1, 2);
INSERT INTO t4 VALUES (1, 2);
INSERT INTO t5 VALUES (1, 2, 3);
INSERT INTO t1 VALUES (1), (2), (3);
INSERT INTO t1 VALUES (1), (2), (3), (4);
INSERT INTO t3 VALUES (1, 2), (3, 4), (5, 6);
INSERT INTO t5 VALUES (1, 2, 3), (4, 5, 6), (7, 8, 9);
INSERT INTO t1 VALUES (NULL);
INSERT INTO t3 VALUES (NULL,NULL);
INSERT INTO t3 VALUES (1,NULL);
INSERT INTO t3 VALUES (NULL,1);
INSERT INTO t6 VALUES (NULL, NULL, NULL, NULL);
INSERT INTO t6 VALUES (1, NULL, NULL, NULL);
INSERT INTO t6 VALUES (NULL, 2, NULL, NULL);
INSERT INTO t6 VALUES (1, 2, 3, NULL);
INSERT INTO t6 VALUES (1, 2, NULL, 4);
SELECT                                          1           +        1;
1           +        1
2
SELECT 1;
1
1
SELECT 1 /* This is an inline comment */ + 1;
1 /* This is an inline comment */ + 1
2
SELECT 1+
/*
this is a
multiple-line comment
*/
1;
1+
/*
this is a
multiple-line comment
*/
1
2
CREATE SCHEMA statements_digest_temp;
DROP SCHEMA statements_digest_temp;
CREATE DATABASE statements_digest_temp;
DROP DATABASE statements_digest_temp;
SELECT 1 FROM no_such_table;
ERROR 42S02: Table 'statements_digest.no_such_table' doesn't exist
CREATE TABLE dup_table (c char(4));
CREATE TABLE dup_table (c char(4));
ERROR 42S01: Table 'dup_table' already exists
DROP TABLE dup_table;
INSERT IGNORE INTO t11 VALUES("MySQL");
Warnings:
Warning	1265	Data truncated for column 'c' at row 1
PREPARE stmt FROM "SELECT * FROM t12";
EXECUTE stmt;
c
EXECUTE stmt;
c
DEALLOCATE PREPARE stmt;
CREATE PROCEDURE p1() BEGIN SELECT * FROM t12; END//
CALL p1();
c
CALL p1();
c
DROP PROCEDURE p1;
CREATE FUNCTION `func`(a INT, b INT) RETURNS int(11) RETURN a+b //
select func(3,4);
func(3,4)
7
select func(13,42);
func(13,42)
55
DROP FUNCTION func;
CREATE TRIGGER trg BEFORE INSERT ON t12 FOR EACH ROW SET @a:=1;
INSERT INTO t12 VALUES ("abc");
INSERT INTO t12 VALUES ("def");
DROP TRIGGER trg;
####################################
# QUERYING PS STATEMENT DIGEST
####################################
SELECT schema_name, digest, digest_text, count_star FROM performance_schema.events_statements_summary_by_digest;
schema_name	digest	digest_text	count_star
statements_digest	eeb7fd258d9b094f7db1650b872441fd	TRUNCATE TABLE performance_schema . events_statements_summary_by_digest 	1
statements_digest	71c54b05293ed77eafbd81ff602463d8	SELECT ? FROM t1 	1
statements_digest	c9f8bb641303574f4a89010bb11ada6c	SELECT ? FROM `t1` 	1
statements_digest	a1351ba9a6f696162fe58f1fedb5ed72	SELECT ?, ... FROM t1 	2
statements_digest	62fce6054eab17c288c3de33b78b70f2	SELECT ? FROM t2 	1
statements_digest	3c6a4a9f020d8d6d7d5fb799f32bd574	SELECT ?, ... FROM t2 	2
statements_digest	865efa7cb468eb17dee0146811547dbf	INSERT INTO t1 VALUES (?) 	2
statements_digest	aed5187e5945fcb78bc536610da5b758	INSERT INTO t2 VALUES (?) 	1
statements_digest	7890410cc1c86f45b734107f7c33d459	INSERT INTO t3 VALUES (...) 	4
statements_digest	9e674a7901b0b86bb6135a537d74210d	INSERT INTO t4 VALUES (...) 	1
statements_digest	61e93b23cb4d560ca2c425361117870f	INSERT INTO t5 VALUES (...) 	1
statements_digest	e1d79ad0c422e5e29fefce11b61fcff3	INSERT INTO t1 VALUES (?) /* , ... */ 	2
statements_digest	1db24d4330f78954033c42732998d161	INSERT INTO t3 VALUES (...) /* , ... */ 	1
statements_digest	c0eaa5d4f0fb6a1bc5fe770c26aa3bd7	INSERT INTO t5 VALUES (...) /* , ... */ 	1
statements_digest	06ec7e52d50b366f858b38abc499d840	INSERT INTO t6 VALUES (...) 	5
statements_digest	27c870e9b26347cdfd70cbc2f1dfdb18	SELECT ? + ? 	3
statements_digest	789f69c33aa940fb39303bc4c2f534a7	SELECT ? 	1
statements_digest	c8cc3158584fa42c43f42331853f74d3	CREATE SCHEMA statements_digest_temp 	2
statements_digest	240f463863fa8ae53b94a46ed6fd19be	DROP SCHEMA statements_digest_temp 	2
statements_digest	2f5c90c3707a71d5a4e149049885ed91	SELECT ? FROM no_such_table 	1
statements_digest	af260969b664bc6097de39024bb8207d	CREATE TABLE dup_table ( c CHARACTER (?) ) 	2
statements_digest	2b13d4a4b822ae0807e9ef34d27d9fa1	DROP TABLE dup_table 	1
statements_digest	b444eead42ce331c6f00e591205b2139	INSERT IGNORE INTO t11 VALUES (?) 	1
statements_digest	7e7e7844372e28826fe08fe9a20cbbb1	SHOW WARNINGS 	1
statements_digest	f6ff1291134853803e73312150f9c0ba	PREPARE stmt FROM ? 	1
statements_digest	2324acea1f673c8d6ba192da6ef1f4e2	EXECUTE stmt 	2
statements_digest	62090ce11e9e0dc8dcc7ba4a13bd14ad	DEALLOCATE PREPARE stmt 	1
statements_digest	185f32567a35145733dcc4162988e24b	CREATE PROCEDURE p1 ( ) BEGIN SELECT * FROM t12 ; END 	1
statements_digest	7925e400e376bd23ffdcb0086d25b7b1	CALL p1 ( ) 	2
statements_digest	7b575ba4822a5d247df85733013a1f5f	DROP PROCEDURE p1 	1
statements_digest	cc70b25848b2111d09ca018b09d9342b	CREATE FUNCTION `func` ( a INTEGER , b INTEGER ) RETURNS INTEGER (?) RETURN a + b 	1
statements_digest	0738bd874ce0e31f67105f0060d62f6a	SELECT func (...) 	2
statements_digest	68e2c848ec3fee55900d51d065edfb1c	DROP FUNCTION func 	1
statements_digest	42bc6b8f2f2164b8f290254d24192a9d	CREATE TRIGGER trg BEFORE INSERT ON t12 FOR EACH ROW SET @? := ? 	1
statements_digest	5145b18ef7d6d43ce76c0a0d76bd166c	INSERT INTO t12 VALUES (?) 	2
statements_digest	53e2962d86d2dd9440dfd3c06860f966	DROP TRIGGER trg 	1
SELECT digest, digest_text FROM performance_schema.events_statements_current;
digest	digest_text
####################################
# CLEANUP
####################################
DROP TABLE IF EXISTS t1;
DROP TABLE IF EXISTS t2;
DROP TABLE IF EXISTS t3;
DROP TABLE IF EXISTS t4;
DROP TABLE IF EXISTS t5;
DROP TABLE IF EXISTS t6;
DROP TABLE IF EXISTS t11;
DROP TABLE IF EXISTS t12;
DROP DATABASE IF EXISTS statements_digest;
