####################################
# SETUP
####################################
CREATE DATABASE statements_digest;
USE statements_digest;
CREATE TABLE t1(a int);
CREATE TABLE t2(a int);
CREATE TABLE t3(a int, b int);
CREATE TABLE t4(a int, b int);
CREATE TABLE t5(a int, b int, c int);
CREATE TABLE t6(a int, b int, c int, d int);
CREATE TABLE t11 (c CHAR(4));
CREATE TABLE t12 (c CHAR(4));
SELECT * FROM performance_schema.setup_consumers;
NAME	ENABLED
events_stages_current	YES
events_stages_history	YES
events_stages_history_long	YES
events_statements_current	NO
events_statements_history	YES
events_statements_history_long	YES
events_transactions_current	YES
events_transactions_history	YES
events_transactions_history_long	YES
events_waits_current	YES
events_waits_history	YES
events_waits_history_long	YES
global_instrumentation	YES
thread_instrumentation	YES
statements_digest	YES
TRUNCATE TABLE performance_schema.events_statements_summary_by_digest;
####################################
# EXECUTION
####################################
SELECT 1 FROM t1;
1
SELECT 1 FROM `t1`;
1
SELECT 1,2 FROM t1;
1	2
SELECT 1, 2, 3, 4 FROM t1;
1	2	3	4
SELECT 1 FROM t2;
1
SELECT 1,2 FROM t2;
1	2
SELECT 1, 2, 3, 4 FROM t2;
1	2	3	4
INSERT INTO t1 VALUES (1);
INSERT INTO t2 VALUES (1);
INSERT INTO t3 VALUES (1, 2);
INSERT INTO t4 VALUES (1, 2);
INSERT INTO t5 VALUES (1, 2, 3);
INSERT INTO t1 VALUES (1), (2), (3);
INSERT INTO t1 VALUES (1), (2), (3), (4);
INSERT INTO t3 VALUES (1, 2), (3, 4), (5, 6);
INSERT INTO t5 VALUES (1, 2, 3), (4, 5, 6), (7, 8, 9);
INSERT INTO t1 VALUES (NULL);
INSERT INTO t3 VALUES (NULL,NULL);
INSERT INTO t3 VALUES (1,NULL);
INSERT INTO t3 VALUES (NULL,1);
INSERT INTO t6 VALUES (NULL, NULL, NULL, NULL);
INSERT INTO t6 VALUES (1, NULL, NULL, NULL);
INSERT INTO t6 VALUES (NULL, 2, NULL, NULL);
INSERT INTO t6 VALUES (1, 2, 3, NULL);
INSERT INTO t6 VALUES (1, 2, NULL, 4);
SELECT                                          1           +        1;
1           +        1
2
SELECT 1;
1
1
SELECT 1 /* This is an inline comment */ + 1;
1 /* This is an inline comment */ + 1
2
SELECT 1+
/*
this is a
multiple-line comment
*/
1;
1+
/*
this is a
multiple-line comment
*/
1
2
CREATE SCHEMA statements_digest_temp;
DROP SCHEMA statements_digest_temp;
CREATE DATABASE statements_digest_temp;
DROP DATABASE statements_digest_temp;
SELECT 1 FROM no_such_table;
ERROR 42S02: Table 'statements_digest.no_such_table' doesn't exist
CREATE TABLE dup_table (c char(4));
CREATE TABLE dup_table (c char(4));
ERROR 42S01: Table 'dup_table' already exists
DROP TABLE dup_table;
INSERT INTO t11 VALUES("MySQL");
Warnings:
Warning	1265	Data truncated for column 'c' at row 1
PREPARE stmt FROM "SELECT * FROM t12";
EXECUTE stmt;
c
EXECUTE stmt;
c
DEALLOCATE PREPARE stmt;
CREATE PROCEDURE p1() BEGIN SELECT * FROM t12; END//
CALL p1();
c
CALL p1();
c
DROP PROCEDURE p1;
CREATE FUNCTION `func`(a INT, b INT) RETURNS int(11) RETURN a+b //
select func(3,4);
func(3,4)
7
select func(13,42);
func(13,42)
55
DROP FUNCTION func;
CREATE TRIGGER trg BEFORE INSERT ON t12 FOR EACH ROW SET @a:=1;
INSERT INTO t12 VALUES ("abc");
INSERT INTO t12 VALUES ("def");
DROP TRIGGER trg;
####################################
# QUERYING PS STATEMENT DIGEST
####################################
SELECT schema_name, digest, digest_text, count_star FROM performance_schema.events_statements_summary_by_digest;
schema_name	digest	digest_text	count_star
statements_digest	8b6e9d01b2edd377f2d62d6c9d012a1a	TRUNCATE TABLE performance_schema . events_statements_summary_by_digest 	1
statements_digest	567793ba8d3eaf5ebb3b8a263397f1b2	SELECT ? FROM t1 	1
statements_digest	9558f758d2dd3cb3a7550ec1c6c340fd	SELECT ? FROM `t1` 	1
statements_digest	7738cf37ce06c644947e02ace88dfbf4	SELECT ?, ... FROM t1 	2
statements_digest	8faa8356dfde2aeb683c0494faa001c5	SELECT ? FROM t2 	1
statements_digest	c3bd74bf31b383f8126ce7745966a91d	SELECT ?, ... FROM t2 	2
statements_digest	c0c5ac8c65b71559e2104dfdfdb6bfcf	INSERT INTO t1 VALUES (?) 	1
statements_digest	4be437cfb214058f8f23a0dd8846c799	INSERT INTO t2 VALUES (?) 	1
statements_digest	257f2f1db816df3af17b2845281dab7b	INSERT INTO t3 VALUES (...) 	4
statements_digest	32efd5a2bcc6bb434eac6e14e9ffafff	INSERT INTO t4 VALUES (...) 	1
statements_digest	1bc6a116267502c07c2536e72a1419eb	INSERT INTO t5 VALUES (...) 	1
statements_digest	a76784f267fa1ba23cae795863f809b1	INSERT INTO t1 VALUES (?) /* , ... */ 	2
statements_digest	a1fb7670f0a5914d3fcb3d826e77b050	INSERT INTO t3 VALUES (...) /* , ... */ 	1
statements_digest	218fddff61d5d8d142955448a1cbb3da	INSERT INTO t5 VALUES (...) /* , ... */ 	1
statements_digest	d1e528422755fcd79886fbeea1cdf823	INSERT INTO t1 VALUES ( NULL ) 	1
statements_digest	7ba12bcf69b11d5797c0f1d47ae0bf44	INSERT INTO t6 VALUES (...) 	5
statements_digest	0d8e0f1b03613641b6b0f1ed4a19bfd4	SELECT ? + ? 	3
statements_digest	87abcc3f5934fa94145f825f7158e991	SELECT ? 	1
statements_digest	600031113deb17ca04efbceeb8da7331	CREATE SCHEMA statements_digest_temp 	2
statements_digest	c443ca7e6d664c25388f860403a45002	DROP SCHEMA statements_digest_temp 	2
statements_digest	db2b6714bba22423fe94a3b84eb1dd0d	SELECT ? FROM no_such_table 	1
statements_digest	93460ea40e734772ac08d08c608becaf	CREATE TABLE dup_table ( c CHARACTER (?) ) 	2
statements_digest	de975d288546d551aa5e618ec6f779b4	DROP TABLE dup_table 	1
statements_digest	0b6c0468536f3d3e07eb7394a5d71d78	INSERT INTO t11 VALUES (?) 	1
statements_digest	e989a9389b9a2591175fbcf6407d6e48	SHOW WARNINGS 	1
statements_digest	dcc47353127719e0133a84d66c0d41b1	PREPARE stmt FROM ? 	1
statements_digest	831d16e0dc294be8eabbdf3e5f579cab	EXECUTE stmt 	2
statements_digest	2bd2faf69bef44879f8ccd2e64d4ba30	DEALLOCATE PREPARE stmt 	1
statements_digest	504077accb00ffd55b662dfffaa8cfc8	CREATE PROCEDURE p1 ( ) BEGIN SELECT * FROM t12 ; END 	1
statements_digest	4e4c63cb4c560d3c81c87154cfa91bb2	CALL p1 ( ) 	2
statements_digest	6bad4eff7559f1d026fccd18626d9b35	DROP PROCEDURE p1 	1
statements_digest	fdd5dc70f0b333051c883e9f2693f36b	CREATE FUNCTION `func` ( a INTEGER , b INTEGER ) RETURNS INTEGER (?) RETURN a + b 	1
statements_digest	224826b56cfadd4e4b3e10d8effd1b2b	SELECT func (...) 	2
statements_digest	c11d790caeeeda091f66694224ccdc50	DROP FUNCTION func 	1
statements_digest	08ca189b3fea7137587c4b320cf38706	CREATE TRIGGER trg BEFORE INSERT ON t12 FOR EACH ROW SET @ ? := ? 	1
statements_digest	7057d1a4b178374f67966748df352cbf	INSERT INTO t12 VALUES (?) 	2
statements_digest	884cd921891852ee0cbb4c5b7db49a0a	DROP TRIGGER trg 	1
SELECT digest, digest_text FROM performance_schema.events_statements_current;
digest	digest_text
####################################
# CLEANUP
####################################
DROP TABLE IF EXISTS t1;
DROP TABLE IF EXISTS t2;
DROP TABLE IF EXISTS t3;
DROP TABLE IF EXISTS t4;
DROP TABLE IF EXISTS t5;
DROP TABLE IF EXISTS t6;
DROP TABLE IF EXISTS t11;
DROP TABLE IF EXISTS t12;
DROP DATABASE IF EXISTS statements_digest;
