####################################
# SETUP
####################################
CREATE DATABASE statements_digest;
USE statements_digest;
CREATE TABLE t1(a int);
CREATE TABLE t2(a int);
CREATE TABLE t3(a int, b int);
CREATE TABLE t4(a int, b int);
CREATE TABLE t5(a int, b int, c int);
CREATE TABLE t6(a int, b int, c int, d int);
CREATE TABLE t11 (c CHAR(4));
CREATE TABLE t12 (c CHAR(4));
TRUNCATE TABLE performance_schema.events_statements_summary_by_digest;
####################################
# EXECUTION
####################################
SELECT 1 FROM t1;
1
SELECT 1 FROM `t1`;
1
SELECT 1,2 FROM t1;
1	2
SELECT 1, 2, 3, 4 FROM t1;
1	2	3	4
SELECT 1 FROM t2;
1
SELECT 1,2 FROM t2;
1	2
SELECT 1, 2, 3, 4 FROM t2;
1	2	3	4
INSERT INTO t1 VALUES (1);
INSERT INTO t2 VALUES (1);
INSERT INTO t3 VALUES (1, 2);
INSERT INTO t4 VALUES (1, 2);
INSERT INTO t5 VALUES (1, 2, 3);
INSERT INTO t1 VALUES (1), (2), (3);
INSERT INTO t1 VALUES (1), (2), (3), (4);
INSERT INTO t3 VALUES (1, 2), (3, 4), (5, 6);
INSERT INTO t5 VALUES (1, 2, 3), (4, 5, 6), (7, 8, 9);
INSERT INTO t1 VALUES (NULL);
INSERT INTO t3 VALUES (NULL,NULL);
INSERT INTO t3 VALUES (1,NULL);
INSERT INTO t3 VALUES (NULL,1);
INSERT INTO t6 VALUES (NULL, NULL, NULL, NULL);
INSERT INTO t6 VALUES (1, NULL, NULL, NULL);
INSERT INTO t6 VALUES (NULL, 2, NULL, NULL);
INSERT INTO t6 VALUES (1, 2, 3, NULL);
INSERT INTO t6 VALUES (1, 2, NULL, 4);
SELECT                                          1           +        1;
1           +        1
2
SELECT 1;
1
1
SELECT 1 /* This is an inline comment */ + 1;
1 /* This is an inline comment */ + 1
2
SELECT 1+
/*
this is a
multiple-line comment
*/
1;
1+
/*
this is a
multiple-line comment
*/
1
2
CREATE SCHEMA statements_digest_temp;
DROP SCHEMA statements_digest_temp;
CREATE DATABASE statements_digest_temp;
DROP DATABASE statements_digest_temp;
SELECT 1 FROM no_such_table;
ERROR 42S02: Table 'statements_digest.no_such_table' doesn't exist
CREATE TABLE dup_table (c char(4));
CREATE TABLE dup_table (c char(4));
ERROR 42S01: Table 'dup_table' already exists
DROP TABLE dup_table;
INSERT INTO t11 VALUES("MySQL");
Warnings:
Warning	1265	Data truncated for column 'c' at row 1
PREPARE stmt FROM "SELECT * FROM t12";
EXECUTE stmt;
c
EXECUTE stmt;
c
DEALLOCATE PREPARE stmt;
CREATE PROCEDURE p1() BEGIN SELECT * FROM t12; END//
CALL p1();
c
CALL p1();
c
DROP PROCEDURE p1;
CREATE FUNCTION `func`(a INT, b INT) RETURNS int(11) RETURN a+b //
select func(3,4);
func(3,4)
7
select func(13,42);
func(13,42)
55
DROP FUNCTION func;
CREATE TRIGGER trg BEFORE INSERT ON t12 FOR EACH ROW SET @a:=1;
INSERT INTO t12 VALUES ("abc");
INSERT INTO t12 VALUES ("def");
DROP TRIGGER trg;
####################################
# QUERYING PS STATEMENT DIGEST
####################################
SELECT SCHEMA_NAME, DIGEST, DIGEST_TEXT, COUNT_STAR, SUM_ROWS_AFFECTED, SUM_WARNINGS,
SUM_ERRORS FROM performance_schema.events_statements_summary_by_digest;
SCHEMA_NAME	DIGEST	DIGEST_TEXT	COUNT_STAR	SUM_ROWS_AFFECTED	SUM_WARNINGS	SUM_ERRORS
statements_digest	0ca3af3f6454dab2e3a03ca54e1d8241	TRUNCATE TABLE performance_schema . events_statements_summary_by_digest 	1	0	0	0
statements_digest	0ce1f7e9fe647030ad1a86acbc583b3f	SELECT ? FROM t1 	1	0	0	0
statements_digest	92a49994da906d494521eacf235b3b92	SELECT ? FROM `t1` 	1	0	0	0
statements_digest	6db36ae57dfd222f4600fdba80060f13	SELECT ?, ... FROM t1 	2	0	0	0
statements_digest	b289a80b022f389c99ac494aa0f00826	SELECT ? FROM t2 	1	0	0	0
statements_digest	b0107f635c70f4eabe320358ab9e1380	SELECT ?, ... FROM t2 	2	0	0	0
statements_digest	cc998d8e456b72049fc1c7656226e07b	INSERT INTO t1 VALUES (?) 	1	1	0	0
statements_digest	27c835ba03491af6781459180ff0fd45	INSERT INTO t2 VALUES (?) 	1	1	0	0
statements_digest	00f4cca51fe72bde5d8f7cc05ce0eefa	INSERT INTO t3 VALUES (...) 	4	4	0	0
statements_digest	8681a8faa936454336f925647727118d	INSERT INTO t4 VALUES (...) 	1	1	0	0
statements_digest	bb389f4df8f5de430e0dc30f282884d1	INSERT INTO t5 VALUES (...) 	1	1	0	0
statements_digest	3cb2afb1d3538ed68bff29d50dd42e4f	INSERT INTO t1 VALUES (?) /* , ... */ 	2	7	0	0
statements_digest	681d7107d7f4b7da20b6bf0f6108cb85	INSERT INTO t3 VALUES (...) /* , ... */ 	1	3	0	0
statements_digest	4cead5a3735f2be8cf1d908ec1763f63	INSERT INTO t5 VALUES (...) /* , ... */ 	1	3	0	0
statements_digest	193344c23d36a132eb805be149d74a47	INSERT INTO t1 VALUES ( NULL ) 	1	1	0	0
statements_digest	2416bb973e1d17431922409c95e9becb	INSERT INTO t6 VALUES (...) 	5	5	0	0
statements_digest	68e46194e5553e312c57340d539be372	SELECT ? + ? 	3	0	0	0
statements_digest	325148f3a43d5906970f67dad1267b54	SELECT ? 	1	0	0	0
statements_digest	918970552d725ac63aa6110b10d9e016	CREATE SCHEMA statements_digest_temp 	2	2	0	0
statements_digest	fd673eff746778302416b6dcc29ed9fa	DROP SCHEMA statements_digest_temp 	2	0	0	0
statements_digest	a9afb8eeb70522f40fd8dc4bbb22defc	SELECT ? FROM no_such_table 	1	0	0	1
statements_digest	c22cddb4d84369a3399ed59ae10305af	CREATE TABLE dup_table ( c CHARACTER (?) ) 	2	0	0	1
statements_digest	87453404c96b97007af44f1596cf84c2	DROP TABLE dup_table 	1	0	0	0
statements_digest	89d915e88ba175c0e17b0385a8943ca7	INSERT INTO t11 VALUES (?) 	1	1	1	0
statements_digest	b9e6bc168b5fc8712e990c36b5221dda	SHOW WARNINGS 	1	0	0	0
statements_digest	986ab0ab78697b4aa6dfab784aae37e2	PREPARE stmt FROM ? 	1	0	0	0
statements_digest	6b343ebf720214f641d3955a6fbf520f	EXECUTE stmt 	2	0	0	0
statements_digest	7f420fda94b71e2dbd8a202d779ed2ea	DEALLOCATE PREPARE stmt 	1	0	0	0
statements_digest	c59e044c4d45b8210cb998a871026058	CREATE PROCEDURE p1 ( ) BEGIN SELECT * FROM t12 ; END 	1	0	0	0
statements_digest	41aeaff9006e79233b372bc3f25ec796	CALL p1 ( ) 	2	0	0	0
statements_digest	cc1cc794e64b072502d6251cf5544951	DROP PROCEDURE p1 	1	0	0	0
statements_digest	33baaff8ec325bb7e6587b14029fe9f8	CREATE FUNCTION `func` ( a INTEGER , b INTEGER ) RETURNS INTEGER (?) RETURN a + b 	1	0	0	0
statements_digest	a63a19c513e3ed479103c4d811fe5af4	SELECT func (...) 	2	0	0	0
statements_digest	5eed56fa3e52beaa6a587d5a4aab12d5	DROP FUNCTION func 	1	0	0	0
statements_digest	f487ba16bda9ee7e16a007c553c12906	CREATE TRIGGER trg BEFORE INSERT ON t12 FOR EACH ROW SET @ ? := ? 	1	0	0	0
statements_digest	47bd505caa75b2f12cd19a14382aaabc	INSERT INTO t12 VALUES (?) 	2	2	0	0
statements_digest	bb1015b15d1b710ed8b813c032267775	DROP TRIGGER trg 	1	0	0	0
####################################
# CLEANUP
####################################
DROP TABLE IF EXISTS t1;
DROP TABLE IF EXISTS t2;
DROP TABLE IF EXISTS t3;
DROP TABLE IF EXISTS t4;
DROP TABLE IF EXISTS t5;
DROP TABLE IF EXISTS t6;
DROP TABLE IF EXISTS t11;
DROP TABLE IF EXISTS t12;
DROP DATABASE IF EXISTS statements_digest;
