####################################
# SETUP
####################################
CREATE DATABASE statements_digest;
USE statements_digest;
CREATE TABLE t1(a int);
CREATE TABLE t2(a int);
CREATE TABLE t3(a int, b int);
CREATE TABLE t4(a int, b int);
CREATE TABLE t5(a int, b int, c int);
CREATE TABLE t6(a int, b int, c int, d int);
CREATE TABLE t11 (c CHAR(4));
CREATE TABLE t12 (c CHAR(4));
SELECT * FROM performance_schema.setup_consumers;
NAME	ENABLED
events_stages_current	YES
events_stages_history	YES
events_stages_history_long	YES
events_statements_current	NO
events_statements_history	YES
events_statements_history_long	YES
events_transactions_current	YES
events_transactions_history	YES
events_transactions_history_long	YES
events_waits_current	YES
events_waits_history	YES
events_waits_history_long	YES
global_instrumentation	YES
thread_instrumentation	YES
statements_digest	YES
TRUNCATE TABLE performance_schema.events_statements_summary_by_digest;
####################################
# EXECUTION
####################################
SELECT 1 FROM t1;
1
SELECT 1 FROM `t1`;
1
SELECT 1,2 FROM t1;
1	2
SELECT 1, 2, 3, 4 FROM t1;
1	2	3	4
SELECT 1 FROM t2;
1
SELECT 1,2 FROM t2;
1	2
SELECT 1, 2, 3, 4 FROM t2;
1	2	3	4
INSERT INTO t1 VALUES (1);
INSERT INTO t2 VALUES (1);
INSERT INTO t3 VALUES (1, 2);
INSERT INTO t4 VALUES (1, 2);
INSERT INTO t5 VALUES (1, 2, 3);
INSERT INTO t1 VALUES (1), (2), (3);
INSERT INTO t1 VALUES (1), (2), (3), (4);
INSERT INTO t3 VALUES (1, 2), (3, 4), (5, 6);
INSERT INTO t5 VALUES (1, 2, 3), (4, 5, 6), (7, 8, 9);
INSERT INTO t1 VALUES (NULL);
INSERT INTO t3 VALUES (NULL,NULL);
INSERT INTO t3 VALUES (1,NULL);
INSERT INTO t3 VALUES (NULL,1);
INSERT INTO t6 VALUES (NULL, NULL, NULL, NULL);
INSERT INTO t6 VALUES (1, NULL, NULL, NULL);
INSERT INTO t6 VALUES (NULL, 2, NULL, NULL);
INSERT INTO t6 VALUES (1, 2, 3, NULL);
INSERT INTO t6 VALUES (1, 2, NULL, 4);
SELECT                                          1           +        1;
1           +        1
2
SELECT 1;
1
1
SELECT 1 /* This is an inline comment */ + 1;
1 /* This is an inline comment */ + 1
2
SELECT 1+
/*
this is a
multiple-line comment
*/
1;
1+
/*
this is a
multiple-line comment
*/
1
2
CREATE SCHEMA statements_digest_temp;
DROP SCHEMA statements_digest_temp;
CREATE DATABASE statements_digest_temp;
DROP DATABASE statements_digest_temp;
SELECT 1 FROM no_such_table;
ERROR 42S02: Table 'statements_digest.no_such_table' doesn't exist
CREATE TABLE dup_table (c char(4));
CREATE TABLE dup_table (c char(4));
ERROR 42S01: Table 'dup_table' already exists
DROP TABLE dup_table;
INSERT IGNORE INTO t11 VALUES("MySQL");
Warnings:
Warning	1265	Data truncated for column 'c' at row 1
PREPARE stmt FROM "SELECT * FROM t12";
EXECUTE stmt;
c
EXECUTE stmt;
c
DEALLOCATE PREPARE stmt;
CREATE PROCEDURE p1() BEGIN SELECT * FROM t12; END//
CALL p1();
c
CALL p1();
c
DROP PROCEDURE p1;
CREATE FUNCTION `func`(a INT, b INT) RETURNS int(11) RETURN a+b //
select func(3,4);
func(3,4)
7
select func(13,42);
func(13,42)
55
DROP FUNCTION func;
CREATE TRIGGER trg BEFORE INSERT ON t12 FOR EACH ROW SET @a:=1;
INSERT INTO t12 VALUES ("abc");
INSERT INTO t12 VALUES ("def");
DROP TRIGGER trg;
####################################
# QUERYING PS STATEMENT DIGEST
####################################
SELECT schema_name, digest, digest_text, count_star FROM performance_schema.events_statements_summary_by_digest;
schema_name	digest	digest_text	count_star
statements_digest	e689d09abcd12dbca2a02215f4afbb8c	TRUNCATE TABLE performance_schema . events_statements_summary_by_digest 	1
statements_digest	71f0692ca6c6b665647cfc53db3e91e9	SELECT ? FROM t1 	1
statements_digest	cddb8a7c0affad872699624ee6659ef4	SELECT ? FROM `t1` 	1
statements_digest	7950dafb694db6e7e1807d160bf75a15	SELECT ?, ... FROM t1 	2
statements_digest	c34c050a8f8e09535d9e1c796cd8ae81	SELECT ? FROM t2 	1
statements_digest	f0a88ccf773136b2de7a60edf4a3f57c	SELECT ?, ... FROM t2 	2
statements_digest	770fec7bd01553104d63f1caf15cf0b2	INSERT INTO t1 VALUES (?) 	2
statements_digest	00e204e3d21534388a47958ddab4994f	INSERT INTO t2 VALUES (?) 	1
statements_digest	91f5e84a3eb28207f32b1093dcc72ebe	INSERT INTO t3 VALUES (...) 	4
statements_digest	b895fada00ad9b807bbfa005dc424c55	INSERT INTO t4 VALUES (...) 	1
statements_digest	7daf632b82d79db85c745e8cc135f567	INSERT INTO t5 VALUES (...) 	1
statements_digest	61cc0921166f86da3174ba0af6d67e2a	INSERT INTO t1 VALUES (?) /* , ... */ 	2
statements_digest	4e7599deabaeefa6756870cb41afbd2c	INSERT INTO t3 VALUES (...) /* , ... */ 	1
statements_digest	fbe7a5278ee5f5681f0f64ac1a9db7b5	INSERT INTO t5 VALUES (...) /* , ... */ 	1
statements_digest	820e302d6c8e968494faaa4176d77aba	INSERT INTO t6 VALUES (...) 	5
statements_digest	3f35741e09a551bee8c8fe3e97804053	SELECT ? + ? 	3
statements_digest	bb3916cf5d4aa07666673058f50a55e5	SELECT ? 	1
statements_digest	a5c93764da357cd7b810df5b950afbd3	CREATE SCHEMA statements_digest_temp 	2
statements_digest	de53be6c1209603b6507a111df6e82be	DROP SCHEMA statements_digest_temp 	2
statements_digest	b4b7c9c8b157ad883965505e9db608db	SELECT ? FROM no_such_table 	1
statements_digest	7f6851f22bf6bffb922c3e886364185b	CREATE TABLE dup_table ( c CHARACTER (?) ) 	2
statements_digest	db2ae5d694ffc46ff8720f46f71b54a6	DROP TABLE dup_table 	1
statements_digest	92e7f41e616deb0cb09f8d81cdfb0224	INSERT IGNORE INTO t11 VALUES (?) 	1
statements_digest	0a0175da8f2633a627f4e5ebcd596297	SHOW WARNINGS 	1
statements_digest	51afcd97a242141f18579039f8fd5f9c	PREPARE stmt FROM ? 	1
statements_digest	5f9761387764d2bbc672e1eb7b280b16	EXECUTE stmt 	2
statements_digest	57668fd755b64f41aa25e1a0e0a5396e	DEALLOCATE PREPARE stmt 	1
statements_digest	60c5428afb0e5af2f16a2cdd2c5208c7	CREATE PROCEDURE p1 ( ) BEGIN SELECT * FROM t12 ; END 	1
statements_digest	f0301483163045d40edd42bc79eedf9e	CALL p1 ( ) 	2
statements_digest	cf8b46c93a4e3ccfcc36c8386e785098	DROP PROCEDURE p1 	1
statements_digest	be58ead75e8487f669c4928a7be10fa6	CREATE FUNCTION `func` ( a INTEGER , b INTEGER ) RETURNS INTEGER (?) RETURN a + b 	1
statements_digest	2a0af4054b6963465da68d0d64d17d1c	SELECT func (...) 	2
statements_digest	217f37a7ab5df6d62d3a2fe3a26e458a	DROP FUNCTION func 	1
statements_digest	0255cd9074df7d4fcc38ac2c36172052	CREATE TRIGGER trg BEFORE INSERT ON t12 FOR EACH ROW SET @? := ? 	1
statements_digest	575550d8a15d15ab32e48efaa5b34c19	INSERT INTO t12 VALUES (?) 	2
statements_digest	0205c95d7603dba820b6a52eb6f8d6e5	DROP TRIGGER trg 	1
SELECT digest, digest_text FROM performance_schema.events_statements_current;
digest	digest_text
####################################
# CLEANUP
####################################
DROP TABLE IF EXISTS t1;
DROP TABLE IF EXISTS t2;
DROP TABLE IF EXISTS t3;
DROP TABLE IF EXISTS t4;
DROP TABLE IF EXISTS t5;
DROP TABLE IF EXISTS t6;
DROP TABLE IF EXISTS t11;
DROP TABLE IF EXISTS t12;
DROP DATABASE IF EXISTS statements_digest;
