####################################
# SETUP
####################################
CREATE DATABASE statements_digest;
USE statements_digest;
CREATE TABLE t1(a int);
CREATE TABLE t2(a int);
CREATE TABLE t3(a int, b int);
CREATE TABLE t4(a int, b int);
CREATE TABLE t5(a int, b int, c int);
CREATE TABLE t6(a int, b int, c int, d int);
CREATE TABLE t11 (c CHAR(4));
CREATE TABLE t12 (c CHAR(4));
SELECT * FROM performance_schema.setup_consumers;
NAME	ENABLED
events_stages_current	YES
events_stages_history	YES
events_stages_history_long	YES
events_statements_current	NO
events_statements_history	YES
events_statements_history_long	YES
events_transactions_current	YES
events_transactions_history	YES
events_transactions_history_long	YES
events_waits_current	YES
events_waits_history	YES
events_waits_history_long	YES
global_instrumentation	YES
thread_instrumentation	YES
statements_digest	YES
TRUNCATE TABLE performance_schema.events_statements_summary_by_digest;
####################################
# EXECUTION
####################################
SELECT 1 FROM t1;
1
SELECT 1 FROM `t1`;
1
SELECT 1,2 FROM t1;
1	2
SELECT 1, 2, 3, 4 FROM t1;
1	2	3	4
SELECT 1 FROM t2;
1
SELECT 1,2 FROM t2;
1	2
SELECT 1, 2, 3, 4 FROM t2;
1	2	3	4
INSERT INTO t1 VALUES (1);
INSERT INTO t2 VALUES (1);
INSERT INTO t3 VALUES (1, 2);
INSERT INTO t4 VALUES (1, 2);
INSERT INTO t5 VALUES (1, 2, 3);
INSERT INTO t1 VALUES (1), (2), (3);
INSERT INTO t1 VALUES (1), (2), (3), (4);
INSERT INTO t3 VALUES (1, 2), (3, 4), (5, 6);
INSERT INTO t5 VALUES (1, 2, 3), (4, 5, 6), (7, 8, 9);
INSERT INTO t1 VALUES (NULL);
INSERT INTO t3 VALUES (NULL,NULL);
INSERT INTO t3 VALUES (1,NULL);
INSERT INTO t3 VALUES (NULL,1);
INSERT INTO t6 VALUES (NULL, NULL, NULL, NULL);
INSERT INTO t6 VALUES (1, NULL, NULL, NULL);
INSERT INTO t6 VALUES (NULL, 2, NULL, NULL);
INSERT INTO t6 VALUES (1, 2, 3, NULL);
INSERT INTO t6 VALUES (1, 2, NULL, 4);
SELECT                                          1           +        1;
1           +        1
2
SELECT 1;
1
1
SELECT 1 /* This is an inline comment */ + 1;
1 /* This is an inline comment */ + 1
2
SELECT 1+
/*
this is a
multiple-line comment
*/
1;
1+
/*
this is a
multiple-line comment
*/
1
2
CREATE SCHEMA statements_digest_temp;
DROP SCHEMA statements_digest_temp;
CREATE DATABASE statements_digest_temp;
DROP DATABASE statements_digest_temp;
SELECT 1 FROM no_such_table;
ERROR 42S02: Table 'statements_digest.no_such_table' doesn't exist
CREATE TABLE dup_table (c char(4));
CREATE TABLE dup_table (c char(4));
ERROR 42S01: Table 'dup_table' already exists
DROP TABLE dup_table;
INSERT IGNORE INTO t11 VALUES("MySQL");
Warnings:
Warning	1265	Data truncated for column 'c' at row 1
PREPARE stmt FROM "SELECT * FROM t12";
EXECUTE stmt;
c
EXECUTE stmt;
c
DEALLOCATE PREPARE stmt;
CREATE PROCEDURE p1() BEGIN SELECT * FROM t12; END//
CALL p1();
c
CALL p1();
c
DROP PROCEDURE p1;
CREATE FUNCTION `func`(a INT, b INT) RETURNS int(11) RETURN a+b //
select func(3,4);
func(3,4)
7
select func(13,42);
func(13,42)
55
DROP FUNCTION func;
CREATE TRIGGER trg BEFORE INSERT ON t12 FOR EACH ROW SET @a:=1;
INSERT INTO t12 VALUES ("abc");
INSERT INTO t12 VALUES ("def");
DROP TRIGGER trg;
####################################
# QUERYING PS STATEMENT DIGEST
####################################
SELECT schema_name, digest, digest_text, count_star FROM performance_schema.events_statements_summary_by_digest;
schema_name	digest	digest_text	count_star
statements_digest	a1335b4be14311e55fd821f75793f98a	TRUNCATE TABLE performance_schema . events_statements_summary_by_digest 	1
statements_digest	7ca65ccd6fd5d672c6f41682b1bea756	SELECT ? FROM t1 	1
statements_digest	2770b547da24fe800557af14718f6d59	SELECT ? FROM `t1` 	1
statements_digest	fe0c647798afc6bc27f1719a4d37caba	SELECT ?, ... FROM t1 	2
statements_digest	8cfe92f989ce08a8a2b66285d116f4c6	SELECT ? FROM t2 	1
statements_digest	ad17fb17586f58bc30acbdb548fc363a	SELECT ?, ... FROM t2 	2
statements_digest	1cb6f72fb1f0cb1561c62260daac056e	INSERT INTO t1 VALUES (?) 	2
statements_digest	e7e592d65245a7cf8bd4ab7a69efbb53	INSERT INTO t2 VALUES (?) 	1
statements_digest	44616ecc4dc33b5599c3f42ffab8f7c6	INSERT INTO t3 VALUES (...) 	4
statements_digest	817c1974458a2c565ece02fb1d5f19bd	INSERT INTO t4 VALUES (...) 	1
statements_digest	963542dd5ab6cf3a97db4e81b140630c	INSERT INTO t5 VALUES (...) 	1
statements_digest	e95cee0ba617b18826d8d0acd046c165	INSERT INTO t1 VALUES (?) /* , ... */ 	2
statements_digest	ae22a7ead5097586413e229450978df5	INSERT INTO t3 VALUES (...) /* , ... */ 	1
statements_digest	527c45277eb8417cda68de2d07788754	INSERT INTO t5 VALUES (...) /* , ... */ 	1
statements_digest	95394c3fd5cd6b580a73f4e968ae2ad1	INSERT INTO t6 VALUES (...) 	5
statements_digest	7f3a890b54bbd830359de181f96bf47e	SELECT ? + ? 	3
statements_digest	5a1d1ce00306250fd545b102d930d51e	SELECT ? 	1
statements_digest	fa538a57ed754281d12cadbee373a33c	CREATE SCHEMA statements_digest_temp 	2
statements_digest	60b4e39f59ab01ae2659cac022a4a2ea	DROP SCHEMA statements_digest_temp 	2
statements_digest	2533ebe68152fcba242e0eefc7f6430d	SELECT ? FROM no_such_table 	1
statements_digest	6659af473c04518c696524c20c0323e9	CREATE TABLE dup_table ( c CHARACTER (?) ) 	2
statements_digest	2b260ad7206fecff12a475f2bfc75a91	DROP TABLE dup_table 	1
statements_digest	a20bbb67e9f20e692dd1ffce7155340b	INSERT IGNORE INTO t11 VALUES (?) 	1
statements_digest	37b921d16989ceb12626e0a672e753ed	SHOW WARNINGS 	1
statements_digest	d4ee65caeef956c096b0a1664e05a21c	PREPARE stmt FROM ? 	1
statements_digest	4e75a08604fa1be23cb69d08d342f8c9	EXECUTE stmt 	2
statements_digest	f3265ae880b50a413d517eef07170be7	DEALLOCATE PREPARE stmt 	1
statements_digest	b3ce45de58435d8cd8aa7ef32f261bee	CREATE PROCEDURE p1 ( ) BEGIN SELECT * FROM t12 ; END 	1
statements_digest	a6588826d2357ae2f9c1e5d7e497c067	CALL p1 ( ) 	2
statements_digest	815492111842d1522b3317277130ed6c	DROP PROCEDURE p1 	1
statements_digest	6b8d1b220e552e3cffdade78283eb86a	CREATE FUNCTION `func` ( a INTEGER , b INTEGER ) RETURNS INTEGER (?) RETURN a + b 	1
statements_digest	cc7cc62e362037ed869b0ab5720abde5	SELECT func (...) 	2
statements_digest	a6ad55e5682c49f03f0938280dcd0a89	DROP FUNCTION func 	1
statements_digest	16bb572a8077bb22e6aac9f159a4053d	CREATE TRIGGER trg BEFORE INSERT ON t12 FOR EACH ROW SET @? := ? 	1
statements_digest	349f654a2edd5bf64687a1ee2ac4cddb	INSERT INTO t12 VALUES (?) 	2
statements_digest	5c0a2db2591638f065326d7e7b260ac4	DROP TRIGGER trg 	1
SELECT digest, digest_text FROM performance_schema.events_statements_current;
digest	digest_text
####################################
# CLEANUP
####################################
DROP TABLE IF EXISTS t1;
DROP TABLE IF EXISTS t2;
DROP TABLE IF EXISTS t3;
DROP TABLE IF EXISTS t4;
DROP TABLE IF EXISTS t5;
DROP TABLE IF EXISTS t6;
DROP TABLE IF EXISTS t11;
DROP TABLE IF EXISTS t12;
DROP DATABASE IF EXISTS statements_digest;
