####################################
# SETUP
####################################
CREATE DATABASE statements_digest;
USE statements_digest;
CREATE TABLE t1(a int);
CREATE TABLE t2(a int);
CREATE TABLE t3(a int, b int);
CREATE TABLE t4(a int, b int);
CREATE TABLE t5(a int, b int, c int);
CREATE TABLE t6(a int, b int, c int, d int);
CREATE TABLE t11 (c CHAR(4));
CREATE TABLE t12 (c CHAR(4));
SELECT * FROM performance_schema.setup_consumers;
NAME	ENABLED
events_stages_current	YES
events_stages_history	YES
events_stages_history_long	YES
events_statements_current	NO
events_statements_history	YES
events_statements_history_long	YES
events_transactions_current	YES
events_transactions_history	YES
events_transactions_history_long	YES
events_waits_current	YES
events_waits_history	YES
events_waits_history_long	YES
global_instrumentation	YES
thread_instrumentation	YES
statements_digest	YES
TRUNCATE TABLE performance_schema.events_statements_summary_by_digest;
####################################
# EXECUTION
####################################
SELECT 1 FROM t1;
1
SELECT 1 FROM `t1`;
1
SELECT 1,2 FROM t1;
1	2
SELECT 1, 2, 3, 4 FROM t1;
1	2	3	4
SELECT 1 FROM t2;
1
SELECT 1,2 FROM t2;
1	2
SELECT 1, 2, 3, 4 FROM t2;
1	2	3	4
INSERT INTO t1 VALUES (1);
INSERT INTO t2 VALUES (1);
INSERT INTO t3 VALUES (1, 2);
INSERT INTO t4 VALUES (1, 2);
INSERT INTO t5 VALUES (1, 2, 3);
INSERT INTO t1 VALUES (1), (2), (3);
INSERT INTO t1 VALUES (1), (2), (3), (4);
INSERT INTO t3 VALUES (1, 2), (3, 4), (5, 6);
INSERT INTO t5 VALUES (1, 2, 3), (4, 5, 6), (7, 8, 9);
INSERT INTO t1 VALUES (NULL);
INSERT INTO t3 VALUES (NULL,NULL);
INSERT INTO t3 VALUES (1,NULL);
INSERT INTO t3 VALUES (NULL,1);
INSERT INTO t6 VALUES (NULL, NULL, NULL, NULL);
INSERT INTO t6 VALUES (1, NULL, NULL, NULL);
INSERT INTO t6 VALUES (NULL, 2, NULL, NULL);
INSERT INTO t6 VALUES (1, 2, 3, NULL);
INSERT INTO t6 VALUES (1, 2, NULL, 4);
SELECT                                          1           +        1;
1           +        1
2
SELECT 1;
1
1
SELECT 1 /* This is an inline comment */ + 1;
1 /* This is an inline comment */ + 1
2
SELECT 1+
/*
this is a
multiple-line comment
*/
1;
1+
/*
this is a
multiple-line comment
*/
1
2
CREATE SCHEMA statements_digest_temp;
DROP SCHEMA statements_digest_temp;
CREATE DATABASE statements_digest_temp;
DROP DATABASE statements_digest_temp;
SELECT 1 FROM no_such_table;
ERROR 42S02: Table 'statements_digest.no_such_table' doesn't exist
CREATE TABLE dup_table (c char(4));
CREATE TABLE dup_table (c char(4));
ERROR 42S01: Table 'dup_table' already exists
DROP TABLE dup_table;
INSERT INTO t11 VALUES("MySQL");
Warnings:
Warning	1265	Data truncated for column 'c' at row 1
PREPARE stmt FROM "SELECT * FROM t12";
EXECUTE stmt;
c
EXECUTE stmt;
c
DEALLOCATE PREPARE stmt;
CREATE PROCEDURE p1() BEGIN SELECT * FROM t12; END//
CALL p1();
c
CALL p1();
c
DROP PROCEDURE p1;
CREATE FUNCTION `func`(a INT, b INT) RETURNS int(11) RETURN a+b //
select func(3,4);
func(3,4)
7
select func(13,42);
func(13,42)
55
DROP FUNCTION func;
CREATE TRIGGER trg BEFORE INSERT ON t12 FOR EACH ROW SET @a:=1;
INSERT INTO t12 VALUES ("abc");
INSERT INTO t12 VALUES ("def");
DROP TRIGGER trg;
####################################
# QUERYING PS STATEMENT DIGEST
####################################
SELECT schema_name, digest, digest_text, count_star FROM performance_schema.events_statements_summary_by_digest;
schema_name	digest	digest_text	count_star
statements_digest	1ca25caec65bd97a972ab99653e7c3f2	TRUNCATE TABLE performance_schema . events_statements_summary_by_digest 	1
statements_digest	7eab15e1092c4ce977af6f905ba4e77c	SELECT ? FROM t1 	1
statements_digest	02838ee1c1ede89616ced007a485ec56	SELECT ? FROM `t1` 	1
statements_digest	8a249f3183fb914fffb3d68843e9470d	SELECT ?, ... FROM t1 	2
statements_digest	c1f781fa828ab3d4b5d37222d1dc35a0	SELECT ? FROM t2 	1
statements_digest	d493bf46f3157a09b20b5d740a530876	SELECT ?, ... FROM t2 	2
statements_digest	b02074d50e09c5e3c9713a3ca831c9c1	INSERT INTO t1 VALUES (?) 	1
statements_digest	0648e9bbac8e0e758eaa4bdad5b62f87	INSERT INTO t2 VALUES (?) 	1
statements_digest	09ada8f6a6de28218176d3aab040d585	INSERT INTO t3 VALUES (...) 	4
statements_digest	a153a5a619155039dec98025fec3d745	INSERT INTO t4 VALUES (...) 	1
statements_digest	c7642144c0b0cd266a264d703889c776	INSERT INTO t5 VALUES (...) 	1
statements_digest	bedfca9ae80dd73f07425ba8cd847040	INSERT INTO t1 VALUES (?) /* , ... */ 	2
statements_digest	4389e4dfa8464119e2e2ce5968d7e493	INSERT INTO t3 VALUES (...) /* , ... */ 	1
statements_digest	0176ef26d9e202708bd86da5378f2870	INSERT INTO t5 VALUES (...) /* , ... */ 	1
statements_digest	c3016c49a3731225633cda65aa4a7413	INSERT INTO t1 VALUES ( NULL ) 	1
statements_digest	9868c00f68275c5767447b53fd10c35c	INSERT INTO t6 VALUES (...) 	5
statements_digest	b8eae24e81e26a937ec279c54f3d31c0	SELECT ? + ? 	3
statements_digest	4cc281490e56d11b0a04a18153b3a97d	SELECT ? 	1
statements_digest	600031113deb17ca04efbceeb8da7331	CREATE SCHEMA statements_digest_temp 	2
statements_digest	c443ca7e6d664c25388f860403a45002	DROP SCHEMA statements_digest_temp 	2
statements_digest	7605bb361233f4451d6e4ec261faa2e3	SELECT ? FROM no_such_table 	1
statements_digest	6ba41d7113b10d9ebf8e5b9baa20f5d8	CREATE TABLE dup_table ( c CHARACTER (?) ) 	2
statements_digest	863d4064ce079a6c98232dc79fea6915	DROP TABLE dup_table 	1
statements_digest	62cddf3b75a4480d686663ee81ab69ae	INSERT INTO t11 VALUES (?) 	1
statements_digest	0046c017f50499e1a8ec771b350b1d4e	SHOW WARNINGS 	1
statements_digest	36768a80e73cc8ac10e8099f63e116ce	PREPARE stmt FROM ? 	1
statements_digest	831d16e0dc294be8eabbdf3e5f579cab	EXECUTE stmt 	2
statements_digest	a5766a5f971cb1e554b4182aaae73278	DEALLOCATE PREPARE stmt 	1
statements_digest	c77353197e744dae2f9b50bbabc7adce	CREATE PROCEDURE p1 ( ) BEGIN SELECT * FROM t12 ; END 	1
statements_digest	4e4c63cb4c560d3c81c87154cfa91bb2	CALL p1 ( ) 	2
statements_digest	ac5a274ca12a31568ebe7126b3ad4693	DROP PROCEDURE p1 	1
statements_digest	4f44f5327e7423af68029e19a055c1e1	CREATE FUNCTION `func` ( a INTEGER , b INTEGER ) RETURNS INTEGER (?) RETURN a + b 	1
statements_digest	dd0483f315bdfe766d16b61aafaf70f4	SELECT func (...) 	2
statements_digest	c11d790caeeeda091f66694224ccdc50	DROP FUNCTION func 	1
statements_digest	4a4b9511314fce1326c45b04ec1023ed	CREATE TRIGGER trg BEFORE INSERT ON t12 FOR EACH ROW SET @ ? := ? 	1
statements_digest	5619b41b712b23ac39019f008fea7d11	INSERT INTO t12 VALUES (?) 	2
statements_digest	c5d126cbf922f147d72849e50a011f92	DROP TRIGGER trg 	1
SELECT digest, digest_text FROM performance_schema.events_statements_current;
digest	digest_text
####################################
# CLEANUP
####################################
DROP TABLE IF EXISTS t1;
DROP TABLE IF EXISTS t2;
DROP TABLE IF EXISTS t3;
DROP TABLE IF EXISTS t4;
DROP TABLE IF EXISTS t5;
DROP TABLE IF EXISTS t6;
DROP TABLE IF EXISTS t11;
DROP TABLE IF EXISTS t12;
DROP DATABASE IF EXISTS statements_digest;
