####################################
# SETUP
####################################
CREATE DATABASE statements_digest;
USE statements_digest;
CREATE TABLE t1(a int);
CREATE TABLE t2(a int);
CREATE TABLE t3(a int, b int);
CREATE TABLE t4(a int, b int);
CREATE TABLE t5(a int, b int, c int);
CREATE TABLE t6(a int, b int, c int, d int);
CREATE TABLE t11 (c CHAR(4));
CREATE TABLE t12 (c CHAR(4));
SELECT * FROM performance_schema.setup_consumers;
NAME	ENABLED
events_stages_current	YES
events_stages_history	YES
events_stages_history_long	YES
events_statements_current	NO
events_statements_history	YES
events_statements_history_long	YES
events_transactions_current	YES
events_transactions_history	YES
events_transactions_history_long	YES
events_waits_current	YES
events_waits_history	YES
events_waits_history_long	YES
global_instrumentation	YES
thread_instrumentation	YES
statements_digest	YES
TRUNCATE TABLE performance_schema.events_statements_summary_by_digest;
####################################
# EXECUTION
####################################
SELECT 1 FROM t1;
1
SELECT 1 FROM `t1`;
1
SELECT 1,2 FROM t1;
1	2
SELECT 1, 2, 3, 4 FROM t1;
1	2	3	4
SELECT 1 FROM t2;
1
SELECT 1,2 FROM t2;
1	2
SELECT 1, 2, 3, 4 FROM t2;
1	2	3	4
INSERT INTO t1 VALUES (1);
INSERT INTO t2 VALUES (1);
INSERT INTO t3 VALUES (1, 2);
INSERT INTO t4 VALUES (1, 2);
INSERT INTO t5 VALUES (1, 2, 3);
INSERT INTO t1 VALUES (1), (2), (3);
INSERT INTO t1 VALUES (1), (2), (3), (4);
INSERT INTO t3 VALUES (1, 2), (3, 4), (5, 6);
INSERT INTO t5 VALUES (1, 2, 3), (4, 5, 6), (7, 8, 9);
INSERT INTO t1 VALUES (NULL);
INSERT INTO t3 VALUES (NULL,NULL);
INSERT INTO t3 VALUES (1,NULL);
INSERT INTO t3 VALUES (NULL,1);
INSERT INTO t6 VALUES (NULL, NULL, NULL, NULL);
INSERT INTO t6 VALUES (1, NULL, NULL, NULL);
INSERT INTO t6 VALUES (NULL, 2, NULL, NULL);
INSERT INTO t6 VALUES (1, 2, 3, NULL);
INSERT INTO t6 VALUES (1, 2, NULL, 4);
SELECT                                          1           +        1;
1           +        1
2
SELECT 1;
1
1
SELECT 1 /* This is an inline comment */ + 1;
1 /* This is an inline comment */ + 1
2
SELECT 1+
/*
this is a
multiple-line comment
*/
1;
1+
/*
this is a
multiple-line comment
*/
1
2
CREATE SCHEMA statements_digest_temp;
DROP SCHEMA statements_digest_temp;
CREATE DATABASE statements_digest_temp;
DROP DATABASE statements_digest_temp;
SELECT 1 FROM no_such_table;
ERROR 42S02: Table 'statements_digest.no_such_table' doesn't exist
CREATE TABLE dup_table (c char(4));
CREATE TABLE dup_table (c char(4));
ERROR 42S01: Table 'dup_table' already exists
DROP TABLE dup_table;
INSERT IGNORE INTO t11 VALUES("MySQL");
Warnings:
Warning	1265	Data truncated for column 'c' at row 1
PREPARE stmt FROM "SELECT * FROM t12";
EXECUTE stmt;
c
EXECUTE stmt;
c
DEALLOCATE PREPARE stmt;
CREATE PROCEDURE p1() BEGIN SELECT * FROM t12; END//
CALL p1();
c
CALL p1();
c
DROP PROCEDURE p1;
CREATE FUNCTION `func`(a INT, b INT) RETURNS int(11) RETURN a+b //
select func(3,4);
func(3,4)
7
select func(13,42);
func(13,42)
55
DROP FUNCTION func;
CREATE TRIGGER trg BEFORE INSERT ON t12 FOR EACH ROW SET @a:=1;
INSERT INTO t12 VALUES ("abc");
INSERT INTO t12 VALUES ("def");
DROP TRIGGER trg;
####################################
# QUERYING PS STATEMENT DIGEST
####################################
SELECT schema_name, digest, digest_text, count_star FROM performance_schema.events_statements_summary_by_digest;
schema_name	digest	digest_text	count_star
statements_digest	1ca25caec65bd97a972ab99653e7c3f2	TRUNCATE TABLE performance_schema . events_statements_summary_by_digest 	1
statements_digest	b63ae97ae392c47b01f8af67977f9a83	SELECT ? FROM t1 	1
statements_digest	1d586bf7df836cc468523cacbcd25a20	SELECT ? FROM `t1` 	1
statements_digest	96d29d65e33072869362062bd7cd459d	SELECT ?, ... FROM t1 	2
statements_digest	e192920cabb63a285c09ed36ccb6b6b3	SELECT ? FROM t2 	1
statements_digest	9ace11d43372a66d3cc862e221a83193	SELECT ?, ... FROM t2 	2
statements_digest	b32845ef28201450210dc7ef5d2d61f9	INSERT INTO t1 VALUES (?) 	1
statements_digest	7140960464089bc07cae3927d843e14d	INSERT INTO t2 VALUES (?) 	1
statements_digest	45d2527e8b5c9a721bf32d54ec00a426	INSERT INTO t3 VALUES (...) 	4
statements_digest	3c85a551926b5f649f90ece645931e7f	INSERT INTO t4 VALUES (...) 	1
statements_digest	e0093e03ea9f9e90ae45f0f8e0142f53	INSERT INTO t5 VALUES (...) 	1
statements_digest	25e42a67aa98be3291fc18b18440d10a	INSERT INTO t1 VALUES (?) /* , ... */ 	2
statements_digest	cc019e579e744746068991cb2958d0bd	INSERT INTO t3 VALUES (...) /* , ... */ 	1
statements_digest	8ae831cfa824e66e4a915dc6fc024dd0	INSERT INTO t5 VALUES (...) /* , ... */ 	1
statements_digest	8a7c64aaf07688af4d0ba406364c93f0	INSERT INTO t1 VALUES ( NULL ) 	1
statements_digest	735c7b6b595e5291348c1e269bbddc58	INSERT INTO t6 VALUES (...) 	5
statements_digest	772f22c3ca1b998449570d41d677b739	SELECT ? + ? 	3
statements_digest	4077abb1c6924eb2e61a4e6b5832e610	SELECT ? 	1
statements_digest	600031113deb17ca04efbceeb8da7331	CREATE SCHEMA statements_digest_temp 	2
statements_digest	c443ca7e6d664c25388f860403a45002	DROP SCHEMA statements_digest_temp 	2
statements_digest	1a1717efbd9bf8adb77cea1ab7b618cf	SELECT ? FROM no_such_table 	1
statements_digest	d9b53d260cb6f183863f708349f18653	CREATE TABLE dup_table ( c CHARACTER (?) ) 	2
statements_digest	863d4064ce079a6c98232dc79fea6915	DROP TABLE dup_table 	1
statements_digest	415169f60a242a4ce8c6c7941015cd67	INSERT IGNORE INTO t11 VALUES (?) 	1
statements_digest	7e373ad52d83b2e2424326700eda788e	SHOW WARNINGS 	1
statements_digest	00e57cb396d69d5a3a40a169712f09ce	PREPARE stmt FROM ? 	1
statements_digest	831d16e0dc294be8eabbdf3e5f579cab	EXECUTE stmt 	2
statements_digest	a5766a5f971cb1e554b4182aaae73278	DEALLOCATE PREPARE stmt 	1
statements_digest	c77353197e744dae2f9b50bbabc7adce	CREATE PROCEDURE p1 ( ) BEGIN SELECT * FROM t12 ; END 	1
statements_digest	4e4c63cb4c560d3c81c87154cfa91bb2	CALL p1 ( ) 	2
statements_digest	ac5a274ca12a31568ebe7126b3ad4693	DROP PROCEDURE p1 	1
statements_digest	0b37c80a29bb7d4afb42833baa58b38a	CREATE FUNCTION `func` ( a INTEGER , b INTEGER ) RETURNS INTEGER (?) RETURN a + b 	1
statements_digest	d5a841331a209ce07cd16e3dd871d560	SELECT func (...) 	2
statements_digest	c11d790caeeeda091f66694224ccdc50	DROP FUNCTION func 	1
statements_digest	f2407bb75c4559f6ad42427702595cc6	CREATE TRIGGER trg BEFORE INSERT ON t12 FOR EACH ROW SET @? := ? 	1
statements_digest	3cb32ff5e2b10a70e1a128dc1f6eeb64	INSERT INTO t12 VALUES (?) 	2
statements_digest	c5d126cbf922f147d72849e50a011f92	DROP TRIGGER trg 	1
SELECT digest, digest_text FROM performance_schema.events_statements_current;
digest	digest_text
####################################
# CLEANUP
####################################
DROP TABLE IF EXISTS t1;
DROP TABLE IF EXISTS t2;
DROP TABLE IF EXISTS t3;
DROP TABLE IF EXISTS t4;
DROP TABLE IF EXISTS t5;
DROP TABLE IF EXISTS t6;
DROP TABLE IF EXISTS t11;
DROP TABLE IF EXISTS t12;
DROP DATABASE IF EXISTS statements_digest;
