####################################
# SETUP
####################################
CREATE DATABASE statements_digest;
USE statements_digest;
CREATE TABLE t1(a int);
CREATE TABLE t2(a int);
CREATE TABLE t3(a int, b int);
CREATE TABLE t4(a int, b int);
CREATE TABLE t5(a int, b int, c int);
CREATE TABLE t6(a int, b int, c int, d int);
CREATE TABLE t11 (c CHAR(4));
CREATE TABLE t12 (c CHAR(4));
TRUNCATE TABLE performance_schema.events_statements_summary_by_digest;
####################################
# EXECUTION
####################################
SELECT 1 FROM t1;
1
SELECT 1 FROM `t1`;
1
SELECT 1,2 FROM t1;
1	2
SELECT 1, 2, 3, 4 FROM t1;
1	2	3	4
SELECT 1 FROM t2;
1
SELECT 1,2 FROM t2;
1	2
SELECT 1, 2, 3, 4 FROM t2;
1	2	3	4
INSERT INTO t1 VALUES (1);
INSERT INTO t2 VALUES (1);
INSERT INTO t3 VALUES (1, 2);
INSERT INTO t4 VALUES (1, 2);
INSERT INTO t5 VALUES (1, 2, 3);
INSERT INTO t1 VALUES (1), (2), (3);
INSERT INTO t1 VALUES (1), (2), (3), (4);
INSERT INTO t3 VALUES (1, 2), (3, 4), (5, 6);
INSERT INTO t5 VALUES (1, 2, 3), (4, 5, 6), (7, 8, 9);
INSERT INTO t1 VALUES (NULL);
INSERT INTO t3 VALUES (NULL,NULL);
INSERT INTO t3 VALUES (1,NULL);
INSERT INTO t3 VALUES (NULL,1);
INSERT INTO t6 VALUES (NULL, NULL, NULL, NULL);
INSERT INTO t6 VALUES (1, NULL, NULL, NULL);
INSERT INTO t6 VALUES (NULL, 2, NULL, NULL);
INSERT INTO t6 VALUES (1, 2, 3, NULL);
INSERT INTO t6 VALUES (1, 2, NULL, 4);
SELECT                                          1           +        1;
1           +        1
2
SELECT 1;
1
1
SELECT 1 /* This is an inline comment */ + 1;
1 /* This is an inline comment */ + 1
2
SELECT 1+
/*
this is a
multiple-line comment
*/
1;
1+
/*
this is a
multiple-line comment
*/
1
2
CREATE SCHEMA statements_digest_temp;
DROP SCHEMA statements_digest_temp;
CREATE DATABASE statements_digest_temp;
DROP DATABASE statements_digest_temp;
SELECT 1 FROM no_such_table;
ERROR 42S02: Table 'statements_digest.no_such_table' doesn't exist
CREATE TABLE dup_table (c char(4));
CREATE TABLE dup_table (c char(4));
ERROR 42S01: Table 'dup_table' already exists
DROP TABLE dup_table;
INSERT INTO t11 VALUES("MySQL");
Warnings:
Warning	1265	Data truncated for column 'c' at row 1
PREPARE stmt FROM "SELECT * FROM t12";
EXECUTE stmt;
c
EXECUTE stmt;
c
DEALLOCATE PREPARE stmt;
CREATE PROCEDURE p1() BEGIN SELECT * FROM t12; END//
CALL p1();
c
CALL p1();
c
DROP PROCEDURE p1;
CREATE FUNCTION `func`(a INT, b INT) RETURNS int(11) RETURN a+b //
select func(3,4);
func(3,4)
7
select func(13,42);
func(13,42)
55
DROP FUNCTION func;
CREATE TRIGGER trg BEFORE INSERT ON t12 FOR EACH ROW SET @a:=1;
INSERT INTO t12 VALUES ("abc");
INSERT INTO t12 VALUES ("def");
DROP TRIGGER trg;
####################################
# QUERYING PS STATEMENT DIGEST
####################################
SELECT SCHEMA_NAME, DIGEST, DIGEST_TEXT, COUNT_STAR, SUM_ROWS_AFFECTED, SUM_WARNINGS,
SUM_ERRORS FROM performance_schema.events_statements_summary_by_digest;
SCHEMA_NAME	DIGEST	DIGEST_TEXT	COUNT_STAR	SUM_ROWS_AFFECTED	SUM_WARNINGS	SUM_ERRORS
statements_digest	13612ddfac096a0d8fc84dfca6298585	TRUNCATE TABLE performance_schema . events_statements_summary_by_digest 	1	0	0	0
statements_digest	e004973f33873b5c10e0b7f145ed264e	SELECT ? FROM t1 	1	0	0	0
statements_digest	c8b5406bd140116e0947692450c5bc14	SELECT ? FROM `t1` 	1	0	0	0
statements_digest	e912728e5bd55f96cdbe8eae97108220	SELECT ?, ... FROM t1 	2	0	0	0
statements_digest	55f6aa2af104a2e8db99b79d8eb120f8	SELECT ? FROM t2 	1	0	0	0
statements_digest	905d954abf2a80986d5bcbfb7022a151	SELECT ?, ... FROM t2 	2	0	0	0
statements_digest	6710dd378c2a52446a5deb86b80c9f6f	INSERT INTO t1 VALUES (?) 	1	1	0	0
statements_digest	4159165c8ae6d10d806548719e8ff500	INSERT INTO t2 VALUES (?) 	1	1	0	0
statements_digest	5a72323b955675b0bc21fce2e7eed1cd	INSERT INTO t3 VALUES (...) 	4	4	0	0
statements_digest	69c5c0d84f60e87bf85f0ed50f584120	INSERT INTO t4 VALUES (...) 	1	1	0	0
statements_digest	cc859114b136eeee948fc5e48f644da3	INSERT INTO t5 VALUES (...) 	1	1	0	0
statements_digest	7241727a9d72bf3c45c5f06c1a1af11f	INSERT INTO t1 VALUES (?) /* , ... */ 	2	7	0	0
statements_digest	2a8cb993ddadf0458f3a612cbf7a926e	INSERT INTO t3 VALUES (...) /* , ... */ 	1	3	0	0
statements_digest	df447cf0d5519aecbf39525ae26ab667	INSERT INTO t5 VALUES (...) /* , ... */ 	1	3	0	0
statements_digest	c3016c49a3731225633cda65aa4a7413	INSERT INTO t1 VALUES ( NULL ) 	1	1	0	0
statements_digest	b344cca7615fbacb3d2e3b673234a5ef	INSERT INTO t6 VALUES (...) 	5	5	0	0
statements_digest	6b8d1ccb722aa9d1b1626087df7e8c75	SELECT ? + ? 	3	0	0	0
statements_digest	7008434d63e1beb77ddff08d04277941	SELECT ? 	1	0	0	0
statements_digest	600031113deb17ca04efbceeb8da7331	CREATE SCHEMA statements_digest_temp 	2	2	0	0
statements_digest	c443ca7e6d664c25388f860403a45002	DROP SCHEMA statements_digest_temp 	2	0	0	0
statements_digest	17af2032a35cfbeca1e65305205408e2	SELECT ? FROM no_such_table 	1	0	0	1
statements_digest	62f0d7bc523eb4db7f789bef53b62dc5	CREATE TABLE dup_table ( c CHARACTER (?) ) 	2	0	0	1
statements_digest	ec06e0d9069a6485618024b52d6b06a2	DROP TABLE dup_table 	1	0	0	0
statements_digest	f076085fcc439c80695b28596480939a	INSERT INTO t11 VALUES (?) 	1	1	1	0
statements_digest	32a06bfa93118f6a2f6c9559e344d9f9	SHOW WARNINGS 	1	0	0	0
statements_digest	a05a3963957485973dab11554dada8af	PREPARE stmt FROM ? 	1	0	0	0
statements_digest	831d16e0dc294be8eabbdf3e5f579cab	EXECUTE stmt 	2	0	0	0
statements_digest	9c10bb476d92817a25c8bf4ad466cf08	DEALLOCATE PREPARE stmt 	1	0	0	0
statements_digest	993ee5fa539d611907c6e9005107220d	CREATE PROCEDURE p1 ( ) BEGIN SELECT * FROM t12 ; END 	1	0	0	0
statements_digest	4e4c63cb4c560d3c81c87154cfa91bb2	CALL p1 ( ) 	2	0	0	0
statements_digest	9bc10d24804688898050760c456162f9	DROP PROCEDURE p1 	1	0	0	0
statements_digest	4212f11df19cb3947e1deffd48df8837	CREATE FUNCTION `func` ( a INTEGER , b INTEGER ) RETURNS INTEGER (?) RETURN a + b 	1	0	0	0
statements_digest	5abfca98d895342bd5aec36d6eb4301e	SELECT func (...) 	2	0	0	0
statements_digest	c11d790caeeeda091f66694224ccdc50	DROP FUNCTION func 	1	0	0	0
statements_digest	c52c907a7d312fe9985d2bcca08c3976	CREATE TRIGGER trg BEFORE INSERT ON t12 FOR EACH ROW SET @? := ? 	1	0	0	0
statements_digest	df095d08161992400773b02d97b0fc5b	INSERT INTO t12 VALUES (?) 	2	2	0	0
statements_digest	7ec4d46f93d30b4274061a1abbc71bd3	DROP TRIGGER trg 	1	0	0	0
####################################
# CLEANUP
####################################
DROP TABLE IF EXISTS t1;
DROP TABLE IF EXISTS t2;
DROP TABLE IF EXISTS t3;
DROP TABLE IF EXISTS t4;
DROP TABLE IF EXISTS t5;
DROP TABLE IF EXISTS t6;
DROP TABLE IF EXISTS t11;
DROP TABLE IF EXISTS t12;
DROP DATABASE IF EXISTS statements_digest;
